"Config","Run","ModelPath","WindowSec","IntervalSec","Stability","PartialN","PartialMedianMs","PartialP95Ms","PartialMaxMs","FinalN","FinalMedianMs","FinalP95Ms","FinalMaxMs","LastSttMs","LastFinalE2EMs","SawTranslation","OverlayText","WallSec"
"base-st3","1","ggml-base.bin","8","1","3","1","5586","5586","5586","4","20964","27301","27301","6281","9057","True"," |  | Subukin ang buháy na mga kapsiyon sa makinang ito ngayon. Nabihag ng sistema ang audio, nakilala ang talumpati, at isinalin ito sa tag-a-log.","39.9"
"base-st3","2","ggml-base.bin","8","1","3","1","3160","3160","3160","3","25633","26061","26061","7219","18689","True"," |  | bukas ng umaga. Pakisuyong tandaan na dalhin ang iyong pagkakakilanlan at ang iyong pasaporte. Sinusubukan namin ngayon ang live na mga kapsiyon sa makinang ito. Nabihag ng sistema ang audio, nakilala ang talumpati, at isinalin ito sa Tagalog.","39.7"
"base-st3","3","ggml-base.bin","8","1","3","1","5544","5544","5544","3","20358","29318","29318","6494","9031","True"," |  | Sinusubukan namin ngayon ang live na mga kapsiyon sa makinang ito. Nabihag ng sistema ang audio, nakilala ang talumpati, at isinalin ito sa tag-a-log.","39.3"
"base-st2","1","ggml-base.bin","8","1","2","3","10535","12911","12911","8","19654","26939","26939","13128","13323","True"," |  | Sinusubukan namin ngayon ang live na mga kapsiyon sa makinang ito. Nabihag ng sistema ang audio, nakilala ang talumpati, at isinalin ito sa Tagalog.","39.4"
"base-st2","2","ggml-base.bin","8","1","2","1","5083","5083","5083","4","19600","27320","27320","4184","10976","True"," |  | video, nakilala ang talumpati, at isinalin ito sa tagalog.","39.3"
"base-st2","3","ggml-base.bin","8","1","2","1","6003","6003","6003","4","28373","29377","29377","3712","7510","True"," |  | Nabihag ng sistema ang audio, nakilala ang talumpati, at isinalin ito sa Tagalog.","39.3"
"tiny-st2","1","ggml-tiny.bin","8","1","2","1","4407","4407","4407","6","16249","24564","24564","1763","5092","True"," |  | Nabihag ng sistema ang audio, nakilala ang talumpati, at isinalin ito sa Tagalog.","39.7"
"tiny-st2","2","ggml-tiny.bin","8","1","2",,,,,"4","19080","24391","24391","3608","11963","True"," |  | Nabihag ng sistema ang audio, nakilala ang talumpati, at isinalin ito sa Tagalog. | Nabihag ng sistema ang audio, nakilala ang talumpati, at isinalin ito sa Tagalog.","39.4"
"tiny-st2","3","ggml-tiny.bin","8","1","2","3","952","3778","3778","8","11499","19698","19698","7453","7453","True"," |  | Kilalanin ang talumpati at isalin sa Tagalog. | Kilalanin ang talumpati at isalin sa Tagalog.","39.7"
