"Config","Run","Phase","ElapsedMs","E2EPartialMs","E2EFinalMs","SttMs"
"base-st3","1","speech","217","0","0","0"
"base-st3","1","speech","551","0","0","0"
"base-st3","1","speech","905","0","0","0"
"base-st3","1","speech","1219","0","0","0"
"base-st3","1","speech","1960","0","0","0"
"base-st3","1","speech","2462","0","0","0"
"base-st3","1","speech","2679","0","0","0"
"base-st3","1","speech","2923","0","0","0"
"base-st3","1","speech","3154","0","0","0"
"base-st3","1","speech","3381","0","0","0"
"base-st3","1","speech","3593","0","0","0"
"base-st3","1","speech","3801","0","0","0"
"base-st3","1","speech","4087","0","0","0"
"base-st3","1","speech","4361","0","0","0"
"base-st3","1","speech","4592","0","0","0"
"base-st3","1","speech","4825","0","0","0"
"base-st3","1","speech","5090","0","0","0"
"base-st3","1","speech","5330","0","0","0"
"base-st3","1","speech","5551","0","0","0"
"base-st3","1","speech","5774","0","0","0"
"base-st3","1","speech","5996","0","0","0"
"base-st3","1","speech","6275","0","0","0"
"base-st3","1","speech","6521","0","0","0"
"base-st3","1","speech","6782","0","0","0"
"base-st3","1","speech","7007","0","0","0"
"base-st3","1","speech","7249","0","0","0"
"base-st3","1","speech","7479","0","0","0"
"base-st3","1","speech","7698","0","0","0"
"base-st3","1","speech","8035","0","0","0"
"base-st3","1","speech","8419","0","0","5956"
"base-st3","1","speech","8713","0","0","5956"
"base-st3","1","speech","8937","0","0","5956"
"base-st3","1","speech","9235","0","0","5956"
"base-st3","1","speech","9477","0","0","5956"
"base-st3","1","speech","9710","0","0","5956"
"base-st3","1","speech","9933","0","0","5956"
"base-st3","1","speech","10196","0","0","5956"
"base-st3","1","speech","10485","0","0","6258"
"base-st3","1","speech","10726","0","0","6258"
"base-st3","1","speech","10969","0","0","6258"
"base-st3","1","speech","11206","0","0","6258"
"base-st3","1","speech","11457","0","0","6258"
"base-st3","1","speech","11712","0","0","6258"
"base-st3","1","speech","11944","0","0","6258"
"base-st3","1","speech","12249","0","0","6258"
"base-st3","1","speech","12632","0","0","6258"
"base-st3","1","speech","12881","0","0","6258"
"base-st3","1","speech","13093","0","0","6258"
"base-st3","1","speech","13369","0","0","6258"
"base-st3","1","speech","13631","0","0","6258"
"base-st3","1","speech","13921","0","0","6258"
"base-st3","1","speech","14134","0","0","6258"
"base-st3","1","speech","14394","0","0","6258"
"base-st3","1","speech","14700","0","0","6258"
"base-st3","1","speech","14938","0","0","6258"
"base-st3","1","speech","15158","0","0","6258"
"base-st3","1","speech","15368","0","0","6258"
"base-st3","1","speech","15596","0","0","6258"
"base-st3","1","speech","15826","0","0","6258"
"base-st3","1","speech","16081","0","0","6258"
"base-st3","1","speech","16372","0","0","6258"
"base-st3","1","speech","16670","0","0","6258"
"base-st3","1","speech","16966","0","0","6230"
"base-st3","1","speech","17201","0","0","6230"
"base-st3","1","speech","17441","0","0","6230"
"base-st3","1","speech","17697","0","0","6230"
"base-st3","1","speech","17911","0","0","6230"
"base-st3","1","speech","18128","0","0","6230"
"base-st3","1","speech","18354","0","0","6230"
"base-st3","1","speech","18607","0","0","6230"
"base-st3","1","speech","18857","0","0","6230"
"base-st3","1","speech","19078","0","0","6230"
"base-st3","1","speech","19294","0","0","6230"
"base-st3","1","speech","19517","0","0","6230"
"base-st3","1","speech","19736","0","0","6230"
"base-st3","1","speech","19943","0","0","6230"
"base-st3","1","speech","20178","0","0","6230"
"base-st3","1","speech","20404","0","0","6230"
"base-st3","1","speech","20676","0","0","6230"
"base-st3","1","speech","20986","0","0","6230"
"base-st3","1","speech","21214","0","0","6230"
"base-st3","1","speech","21441","0","0","6230"
"base-st3","1","speech","21675","0","0","6230"
"base-st3","1","speech","21969","0","0","6230"
"base-st3","1","speech","22232","0","0","6230"
"base-st3","1","speech","22513","0","0","6230"
"base-st3","1","speech","22769","0","0","6230"
"base-st3","1","speech","23064","0","0","6230"
"base-st3","1","speech","23301","0","0","6404"
"base-st3","1","speech","23565","0","0","6404"
"base-st3","1","speech","23809","0","0","6404"
"base-st3","1","speech","24095","0","0","6404"
"base-st3","1","speech","24311","0","0","6404"
"base-st3","1","speech","24517","0","0","6404"
"base-st3","1","speech","24764","0","0","6404"
"base-st3","1","speech","25003","0","0","6404"
"base-st3","1","speech","25290","0","0","6404"
"base-st3","1","speech","25504","0","0","6404"
"base-st3","1","speech","25753","0","0","6404"
"base-st3","1","speech","26024","0","0","6404"
"base-st3","1","speech","26260","0","0","6404"
"base-st3","1","speech","26686","0","0","6404"
"base-st3","1","settle","26916","0","0","6404"
"base-st3","1","settle","27244","0","0","6404"
"base-st3","1","settle","27450","0","0","6404"
"base-st3","1","settle","27653","0","0","6404"
"base-st3","1","settle","27874","0","0","6404"
"base-st3","1","settle","28086","0","0","6404"
"base-st3","1","settle","28306","0","0","6404"
"base-st3","1","settle","28526","0","0","6404"
"base-st3","1","settle","28740","0","0","6404"
"base-st3","1","settle","28997","0","0","6404"
"base-st3","1","settle","29244","0","0","6404"
"base-st3","1","settle","29538","0","0","6281"
"base-st3","1","settle","29834","0","0","6281"
"base-st3","1","settle","30190","0","0","6281"
"base-st3","1","settle","30563","0","0","6281"
"base-st3","1","settle","30906","0","0","6281"
"base-st3","1","settle","31245","0","0","6281"
"base-st3","1","settle","31568","0","27301","6281"
"base-st3","1","settle","31885","0","20964","6281"
"base-st3","1","settle","32210","0","15239","6281"
"base-st3","1","settle","32503","5586","9057","6281"
"base-st3","1","settle","33084","5586","9057","6281"
"base-st3","1","settle","33382","5586","9057","6281"
"base-st3","1","settle","33807","5586","9057","6281"
"base-st3","1","settle","34446","5586","9057","6281"
"base-st3","1","settle","35199","5586","9057","6281"
"base-st3","1","settle","35720","5586","9057","6281"
"base-st3","1","settle","36479","5586","9057","6281"
"base-st3","1","settle","37026","5586","9057","6281"
"base-st3","1","settle","37727","5586","9057","6281"
"base-st3","1","settle","38371","5586","9057","6281"
"base-st3","1","settle","39065","5586","9057","6281"
"base-st3","2","speech","235","0","0","0"
"base-st3","2","speech","806","0","0","0"
"base-st3","2","speech","1139","0","0","0"
"base-st3","2","speech","1955","0","0","0"
"base-st3","2","speech","2437","0","0","0"
"base-st3","2","speech","2659","0","0","0"
"base-st3","2","speech","2871","0","0","0"
"base-st3","2","speech","3103","0","0","0"
"base-st3","2","speech","3323","0","0","0"
"base-st3","2","speech","3579","0","0","0"
"base-st3","2","speech","3868","0","0","0"
"base-st3","2","speech","4184","0","0","0"
"base-st3","2","speech","4684","0","0","0"
"base-st3","2","speech","4912","0","0","0"
"base-st3","2","speech","5458","0","0","0"
"base-st3","2","speech","5947","0","0","0"
"base-st3","2","speech","6231","0","0","0"
"base-st3","2","speech","6538","0","0","0"
"base-st3","2","speech","6784","0","0","0"
"base-st3","2","speech","7020","0","0","0"
"base-st3","2","speech","7250","0","0","0"
"base-st3","2","speech","7636","0","0","0"
"base-st3","2","speech","7879","0","0","0"
"base-st3","2","speech","8141","0","0","0"
"base-st3","2","speech","8470","0","0","0"
"base-st3","2","speech","8731","0","0","6140"
"base-st3","2","speech","8964","0","0","6140"
"base-st3","2","speech","9201","0","0","6140"
"base-st3","2","speech","9457","0","0","6140"
"base-st3","2","speech","9723","0","0","6140"
"base-st3","2","speech","9951","0","0","6140"
"base-st3","2","speech","10262","0","0","6140"
"base-st3","2","speech","10557","0","0","6140"
"base-st3","2","speech","10809","0","0","7366"
"base-st3","2","speech","11041","0","0","7366"
"base-st3","2","speech","11269","0","0","7366"
"base-st3","2","speech","11513","0","0","7366"
"base-st3","2","speech","11723","0","0","7366"
"base-st3","2","speech","11958","0","0","7366"
"base-st3","2","speech","12213","0","0","7366"
"base-st3","2","speech","12537","0","0","7366"
"base-st3","2","speech","12836","0","0","7366"
"base-st3","2","speech","13097","0","0","7366"
"base-st3","2","speech","13325","0","0","7366"
"base-st3","2","speech","13562","0","0","7366"
"base-st3","2","speech","13816","0","0","7366"
"base-st3","2","speech","14069","0","0","7366"
"base-st3","2","speech","14312","0","0","7366"
"base-st3","2","speech","14612","0","0","7366"
"base-st3","2","speech","14930","0","0","7366"
"base-st3","2","speech","15240","0","0","7366"
"base-st3","2","speech","15475","0","0","7366"
"base-st3","2","speech","15718","0","0","7366"
"base-st3","2","speech","15969","0","0","7366"
"base-st3","2","speech","16225","0","0","7366"
"base-st3","2","speech","16454","0","0","7366"
"base-st3","2","speech","16695","0","0","7366"
"base-st3","2","speech","16950","0","0","7366"
"base-st3","2","speech","17290","0","0","7366"
"base-st3","2","speech","17581","0","0","7366"
"base-st3","2","speech","17879","0","0","7219"
"base-st3","2","speech","18115","0","0","7219"
"base-st3","2","speech","18354","0","0","7219"
"base-st3","2","speech","18601","0","0","7219"
"base-st3","2","speech","18843","0","0","7219"
"base-st3","2","speech","19099","0","0","7219"
"base-st3","2","speech","19345","0","0","7219"
"base-st3","2","speech","19788","0","0","7219"
"base-st3","2","speech","20306","0","0","7219"
"base-st3","2","speech","20643","0","0","7219"
"base-st3","2","speech","20877","0","0","7219"
"base-st3","2","speech","21127","0","0","7219"
"base-st3","2","speech","21351","0","0","7219"
"base-st3","2","speech","21575","0","0","7219"
"base-st3","2","speech","21885","0","0","7219"
"base-st3","2","speech","22186","0","0","7219"
"base-st3","2","speech","22422","0","0","7219"
"base-st3","2","speech","22659","0","0","7219"
"base-st3","2","speech","22879","0","0","7219"
"base-st3","2","speech","23121","0","0","7219"
"base-st3","2","speech","23363","0","0","7219"
"base-st3","2","speech","23607","0","0","7219"
"base-st3","2","speech","23894","0","0","7219"
"base-st3","2","speech","24444","0","0","7219"
"base-st3","2","speech","24722","0","0","7219"
"base-st3","2","speech","24983","0","0","7219"
"base-st3","2","speech","25218","0","0","7219"
"base-st3","2","speech","25476","0","0","7219"
"base-st3","2","speech","25725","0","0","7219"
"base-st3","2","speech","25959","0","0","7219"
"base-st3","2","speech","26224","0","0","7219"
"base-st3","2","speech","26846","0","0","7219"
"base-st3","2","settle","27377","0","0","7219"
"base-st3","2","settle","27610","0","0","7219"
"base-st3","2","settle","27830","0","0","7219"
"base-st3","2","settle","28066","0","0","7219"
"base-st3","2","settle","28297","0","0","7219"
"base-st3","2","settle","28624","0","26061","7219"
"base-st3","2","settle","28896","0","26061","7219"
"base-st3","2","settle","29180","0","25633","7219"
"base-st3","2","settle","29505","0","18689","7219"
"base-st3","2","settle","29815","0","18689","7219"
"base-st3","2","settle","30120","3160","18689","7219"
"base-st3","2","settle","30773","3160","18689","7219"
"base-st3","2","settle","31411","3160","18689","7219"
"base-st3","2","settle","32041","3160","18689","7219"
"base-st3","2","settle","32719","3160","18689","7219"
"base-st3","2","settle","33478","3160","18689","7219"
"base-st3","2","settle","33917","3160","18689","7219"
"base-st3","2","settle","34469","3160","18689","7219"
"base-st3","2","settle","35200","3160","18689","7219"
"base-st3","2","settle","35874","3160","18689","7219"
"base-st3","2","settle","36524","3160","18689","7219"
"base-st3","2","settle","37015","3160","18689","7219"
"base-st3","2","settle","37682","3160","18689","7219"
"base-st3","2","settle","38346","3160","18689","7219"
"base-st3","2","settle","38986","3160","18689","7219"
"base-st3","3","speech","245","0","0","0"
"base-st3","3","speech","635","0","0","0"
"base-st3","3","speech","1007","0","0","0"
"base-st3","3","speech","1989","0","0","0"
"base-st3","3","speech","2286","0","0","0"
"base-st3","3","speech","2521","0","0","0"
"base-st3","3","speech","2753","0","0","0"
"base-st3","3","speech","2996","0","0","0"
"base-st3","3","speech","3291","0","0","0"
"base-st3","3","speech","3551","0","0","0"
"base-st3","3","speech","3814","0","0","0"
"base-st3","3","speech","4076","0","0","0"
"base-st3","3","speech","4386","0","0","0"
"base-st3","3","speech","4611","0","0","0"
"base-st3","3","speech","4841","0","0","0"
"base-st3","3","speech","5121","0","0","0"
"base-st3","3","speech","5405","0","0","0"
"base-st3","3","speech","5668","0","0","0"
"base-st3","3","speech","5932","0","0","0"
"base-st3","3","speech","6188","0","0","0"
"base-st3","3","speech","6447","0","0","0"
"base-st3","3","speech","6703","0","0","0"
"base-st3","3","speech","6931","0","0","0"
"base-st3","3","speech","7173","0","0","0"
"base-st3","3","speech","7483","0","0","0"
"base-st3","3","speech","7775","0","0","0"
"base-st3","3","speech","8112","0","0","0"
"base-st3","3","speech","8425","0","0","5895"
"base-st3","3","speech","8653","0","0","5895"
"base-st3","3","speech","8911","0","0","5895"
"base-st3","3","speech","9151","0","0","5895"
"base-st3","3","speech","9388","0","0","5895"
"base-st3","3","speech","9634","0","0","5895"
"base-st3","3","speech","9865","0","0","5895"
"base-st3","3","speech","10397","0","0","6577"
"base-st3","3","speech","10912","0","0","6577"
"base-st3","3","speech","11116","0","0","6577"
"base-st3","3","speech","11370","0","0","6577"
"base-st3","3","speech","11586","0","0","6577"
"base-st3","3","speech","11788","0","0","6577"
"base-st3","3","speech","12009","0","0","6577"
"base-st3","3","speech","12255","0","0","6577"
"base-st3","3","speech","12512","0","0","6577"
"base-st3","3","speech","12744","0","0","6577"
"base-st3","3","speech","12991","0","0","6577"
"base-st3","3","speech","13225","0","0","6577"
"base-st3","3","speech","13488","0","0","6577"
"base-st3","3","speech","13742","0","0","6577"
"base-st3","3","speech","13988","0","0","6577"
"base-st3","3","speech","14253","0","0","6577"
"base-st3","3","speech","14498","0","0","6577"
"base-st3","3","speech","14728","0","0","6577"
"base-st3","3","speech","14960","0","0","6577"
"base-st3","3","speech","15182","0","0","6577"
"base-st3","3","speech","15403","0","0","6577"
"base-st3","3","speech","15624","0","0","6577"
"base-st3","3","speech","15850","0","0","6577"
"base-st3","3","speech","16076","0","0","6577"
"base-st3","3","speech","16389","0","0","6577"
"base-st3","3","speech","16636","0","0","6577"
"base-st3","3","speech","16913","0","0","5762"
"base-st3","3","speech","17145","0","0","5762"
"base-st3","3","speech","17382","0","0","5762"
"base-st3","3","speech","17629","0","0","5762"
"base-st3","3","speech","17865","0","0","5762"
"base-st3","3","speech","18101","0","0","5762"
"base-st3","3","speech","18328","0","0","5762"
"base-st3","3","speech","18577","0","0","5762"
"base-st3","3","speech","18859","0","0","5762"
"base-st3","3","speech","19101","0","0","5762"
"base-st3","3","speech","19334","0","0","5762"
"base-st3","3","speech","19673","0","0","5762"
"base-st3","3","speech","19934","0","0","5762"
"base-st3","3","speech","20168","0","0","5762"
"base-st3","3","speech","20414","0","0","5762"
"base-st3","3","speech","20702","0","0","5762"
"base-st3","3","speech","20980","0","0","5762"
"base-st3","3","speech","21200","0","0","5762"
"base-st3","3","speech","21446","0","0","5762"
"base-st3","3","speech","21672","0","0","5762"
"base-st3","3","speech","21901","0","0","5762"
"base-st3","3","speech","22162","0","0","5762"
"base-st3","3","speech","22510","0","0","5762"
"base-st3","3","speech","22757","0","0","5762"
"base-st3","3","speech","23098","0","0","5762"
"base-st3","3","speech","23330","0","0","6792"
"base-st3","3","speech","23584","0","0","6792"
"base-st3","3","speech","23818","0","0","6792"
"base-st3","3","speech","24036","0","0","6792"
"base-st3","3","speech","24238","0","0","6792"
"base-st3","3","speech","24465","0","0","6792"
"base-st3","3","speech","24688","0","0","6792"
"base-st3","3","speech","24902","0","0","6792"
"base-st3","3","speech","25157","0","0","6792"
"base-st3","3","speech","25410","0","0","6792"
"base-st3","3","speech","25638","0","0","6792"
"base-st3","3","speech","25862","0","0","6792"
"base-st3","3","speech","26088","0","0","6792"
"base-st3","3","speech","26324","0","0","6792"
"base-st3","3","settle","26547","0","0","6792"
"base-st3","3","settle","26777","0","0","6792"
"base-st3","3","settle","27028","0","0","6792"
"base-st3","3","settle","27293","0","0","6792"
"base-st3","3","settle","27560","0","0","6792"
"base-st3","3","settle","27780","0","0","6792"
"base-st3","3","settle","28011","0","0","6792"
"base-st3","3","settle","28245","0","0","6792"
"base-st3","3","settle","28468","0","0","6792"
"base-st3","3","settle","28686","0","0","6792"
"base-st3","3","settle","28917","0","0","6792"
"base-st3","3","settle","29176","0","0","6792"
"base-st3","3","settle","29438","0","0","6792"
"base-st3","3","settle","29725","0","0","6494"
"base-st3","3","settle","30037","0","0","6494"
"base-st3","3","settle","30509","0","0","6494"
"base-st3","3","settle","30902","0","0","6494"
"base-st3","3","settle","31216","0","0","6494"
"base-st3","3","settle","31567","0","20358","6494"
"base-st3","3","settle","31869","0","29318","6494"
"base-st3","3","settle","32168","0","9031","6494"
"base-st3","3","settle","32497","5544","9031","6494"
"base-st3","3","settle","33210","5544","9031","6494"
"base-st3","3","settle","33687","5544","9031","6494"
"base-st3","3","settle","34434","5544","9031","6494"
"base-st3","3","settle","35191","5544","9031","6494"
"base-st3","3","settle","35645","5544","9031","6494"
"base-st3","3","settle","36363","5544","9031","6494"
"base-st3","3","settle","37089","5544","9031","6494"
"base-st3","3","settle","37564","5544","9031","6494"
"base-st3","3","settle","38017","5544","9031","6494"
"base-st3","3","settle","38658","5544","9031","6494"
"base-st2","1","speech","236","0","0","0"
"base-st2","1","speech","777","0","0","0"
"base-st2","1","speech","1113","0","0","0"
"base-st2","1","speech","1432","0","0","0"
"base-st2","1","speech","2138","0","0","0"
"base-st2","1","speech","2394","0","0","0"
"base-st2","1","speech","2620","0","0","0"
"base-st2","1","speech","2867","0","0","0"
"base-st2","1","speech","3118","0","0","0"
"base-st2","1","speech","3375","0","0","0"
"base-st2","1","speech","3658","0","0","0"
"base-st2","1","speech","3884","0","0","0"
"base-st2","1","speech","4142","0","0","0"
"base-st2","1","speech","4433","0","0","0"
"base-st2","1","speech","4692","0","0","0"
"base-st2","1","speech","4967","0","0","0"
"base-st2","1","speech","5241","0","0","0"
"base-st2","1","speech","5494","0","0","0"
"base-st2","1","speech","5888","0","0","0"
"base-st2","1","speech","6209","0","0","0"
"base-st2","1","speech","6506","0","0","4177"
"base-st2","1","speech","6738","0","0","4177"
"base-st2","1","speech","6981","0","0","4177"
"base-st2","1","speech","7215","0","0","4177"
"base-st2","1","speech","7432","0","0","4177"
"base-st2","1","speech","7652","0","0","4177"
"base-st2","1","speech","7886","0","0","4177"
"base-st2","1","speech","8206","0","0","4177"
"base-st2","1","speech","8488","0","0","4643"
"base-st2","1","speech","8751","0","0","4643"
"base-st2","1","speech","8985","0","0","4643"
"base-st2","1","speech","9238","0","0","4643"
"base-st2","1","speech","9506","0","0","4643"
"base-st2","1","speech","9753","0","0","4643"
"base-st2","1","speech","10005","0","0","4643"
"base-st2","1","speech","10276","0","0","4643"
"base-st2","1","speech","10555","0","0","3529"
"base-st2","1","speech","10787","0","0","3529"
"base-st2","1","speech","11014","0","0","3529"
"base-st2","1","speech","11228","0","0","3529"
"base-st2","1","speech","11451","0","0","3529"
"base-st2","1","speech","11661","0","0","3529"
"base-st2","1","speech","11962","0","0","3529"
"base-st2","1","speech","12274","0","0","3529"
"base-st2","1","speech","12502","0","0","3529"
"base-st2","1","speech","12730","0","0","3529"
"base-st2","1","speech","12969","0","0","3529"
"base-st2","1","speech","13380","0","0","3529"
"base-st2","1","speech","13590","0","0","3529"
"base-st2","1","speech","13903","0","0","3529"
"base-st2","1","speech","14131","0","0","3529"
"base-st2","1","speech","14421","0","0","3529"
"base-st2","1","speech","14672","0","0","4086"
"base-st2","1","speech","14901","0","0","4086"
"base-st2","1","speech","15152","0","0","4086"
"base-st2","1","speech","15389","0","0","4086"
"base-st2","1","speech","15623","0","0","4086"
"base-st2","1","speech","15850","0","0","4086"
"base-st2","1","speech","16081","0","0","4086"
"base-st2","1","speech","16370","0","0","4086"
"base-st2","1","speech","16625","0","0","4086"
"base-st2","1","speech","16846","0","0","4086"
"base-st2","1","speech","17069","0","0","4086"
"base-st2","1","speech","17282","0","0","4086"
"base-st2","1","speech","17548","0","0","4086"
"base-st2","1","speech","17781","0","0","4086"
"base-st2","1","speech","18007","0","0","4086"
"base-st2","1","speech","18258","0","0","4086"
"base-st2","1","speech","18510","0","0","3170"
"base-st2","1","speech","18727","0","0","3170"
"base-st2","1","speech","18963","0","0","3170"
"base-st2","1","speech","19181","0","0","3170"
"base-st2","1","speech","19401","0","0","3170"
"base-st2","1","speech","19622","0","0","3170"
"base-st2","1","speech","19830","0","0","3170"
"base-st2","1","speech","20057","0","0","3170"
"base-st2","1","speech","20313","0","0","3170"
"base-st2","1","speech","20563","0","0","3170"
"base-st2","1","speech","20777","0","0","3170"
"base-st2","1","speech","20986","0","0","3170"
"base-st2","1","speech","21206","0","0","3170"
"base-st2","1","speech","21426","0","0","3170"
"base-st2","1","speech","21644","0","0","3170"
"base-st2","1","speech","21859","0","0","3170"
"base-st2","1","speech","22115","0","0","3170"
"base-st2","1","speech","22376","0","0","4618"
"base-st2","1","speech","22619","0","0","4618"
"base-st2","1","speech","22860","0","0","4618"
"base-st2","1","speech","23096","0","0","4618"
"base-st2","1","speech","23320","0","0","4618"
"base-st2","1","speech","23561","0","0","4618"
"base-st2","1","speech","23775","0","0","4618"
"base-st2","1","speech","24031","0","0","4618"
"base-st2","1","speech","24308","0","0","4618"
"base-st2","1","speech","24550","0","0","4618"
"base-st2","1","speech","24807","0","0","4618"
"base-st2","1","speech","25044","0","0","4618"
"base-st2","1","speech","25309","0","0","4618"
"base-st2","1","speech","25558","0","0","4618"
"base-st2","1","speech","25812","0","0","4618"
"base-st2","1","speech","26061","0","0","4618"
"base-st2","1","speech","26308","0","0","4618"
"base-st2","1","settle","26562","0","0","4618"
"base-st2","1","settle","26795","0","0","4618"
"base-st2","1","settle","27039","0","0","4618"
"base-st2","1","settle","27286","0","0","4618"
"base-st2","1","settle","27529","0","0","4618"
"base-st2","1","settle","27768","0","0","4618"
"base-st2","1","settle","28015","0","0","4618"
"base-st2","1","settle","28254","0","0","4618"
"base-st2","1","settle","28506","0","0","4618"
"base-st2","1","settle","28746","0","0","4618"
"base-st2","1","settle","29002","0","0","4618"
"base-st2","1","settle","29291","0","26939","4618"
"base-st2","1","settle","29543","0","26939","4618"
"base-st2","1","settle","29790","0","25942","4618"
"base-st2","1","settle","30043","0","22879","4618"
"base-st2","1","settle","30291","0","19654","4618"
"base-st2","1","settle","30585","0","15078","4618"
"base-st2","1","settle","30839","0","13066","4618"
"base-st2","1","settle","31102","0","13066","4618"
"base-st2","1","settle","31338","10535","13066","4618"
"base-st2","1","settle","31564","10535","13066","4618"
"base-st2","1","settle","31811","10535","13066","4618"
"base-st2","1","settle","32044","10535","13066","4618"
"base-st2","1","settle","32267","10535","13066","4618"
"base-st2","1","settle","32516","10535","13066","4618"
"base-st2","1","settle","32758","10535","13066","4618"
"base-st2","1","settle","32983","10535","13066","4618"
"base-st2","1","settle","33231","10535","13066","13724"
"base-st2","1","settle","33459","10535","13066","13724"
"base-st2","1","settle","33692","10535","13066","13724"
"base-st2","1","settle","33922","10535","13066","13724"
"base-st2","1","settle","34156","10535","13066","13724"
"base-st2","1","settle","34397","10535","13066","13724"
"base-st2","1","settle","34637","10535","13066","13724"
"base-st2","1","settle","34905","10535","15449","13724"
"base-st2","1","settle","35194","10535","15449","13724"
"base-st2","1","settle","35518","12911","15449","13128"
"base-st2","1","settle","35817","8931","13323","13128"
"base-st2","1","settle","36561","8931","13323","13128"
"base-st2","1","settle","37087","8931","13323","13128"
"base-st2","1","settle","37867","8931","13323","13128"
"base-st2","1","settle","38609","8931","13323","13128"
"base-st2","2","speech","271","0","0","0"
"base-st2","2","speech","833","0","0","0"
"base-st2","2","speech","1214","0","0","0"
"base-st2","2","speech","1567","0","0","0"
"base-st2","2","speech","1914","0","0","0"
"base-st2","2","speech","2263","0","0","0"
"base-st2","2","speech","2497","0","0","0"
"base-st2","2","speech","2756","0","0","0"
"base-st2","2","speech","2995","0","0","0"
"base-st2","2","speech","3234","0","0","0"
"base-st2","2","speech","3534","0","0","0"
"base-st2","2","speech","3779","0","0","0"
"base-st2","2","speech","4062","0","0","0"
"base-st2","2","speech","4320","0","0","0"
"base-st2","2","speech","4649","0","0","0"
"base-st2","2","speech","4942","0","0","0"
"base-st2","2","speech","5190","0","0","0"
"base-st2","2","speech","5430","0","0","0"
"base-st2","2","speech","5659","0","0","0"
"base-st2","2","speech","5912","0","0","0"
"base-st2","2","speech","6190","0","0","0"
"base-st2","2","speech","6490","0","0","4194"
"base-st2","2","speech","6716","0","0","4194"
"base-st2","2","speech","6936","0","0","4194"
"base-st2","2","speech","7190","0","0","4194"
"base-st2","2","speech","7429","0","0","4194"
"base-st2","2","speech","7659","0","0","4194"
"base-st2","2","speech","7911","0","0","4194"
"base-st2","2","speech","8300","0","0","4604"
"base-st2","2","speech","8576","0","0","4604"
"base-st2","2","speech","8807","0","0","4604"
"base-st2","2","speech","9046","0","0","4604"
"base-st2","2","speech","9291","0","0","4604"
"base-st2","2","speech","9538","0","0","4604"
"base-st2","2","speech","9755","0","0","4604"
"base-st2","2","speech","10043","0","0","4604"
"base-st2","2","speech","10357","0","0","3758"
"base-st2","2","speech","10593","0","0","3758"
"base-st2","2","speech","10856","0","0","3758"
"base-st2","2","speech","11095","0","0","3758"
"base-st2","2","speech","11346","0","0","3758"
"base-st2","2","speech","11607","0","0","3758"
"base-st2","2","speech","11853","0","0","3758"
"base-st2","2","speech","12104","0","0","3758"
"base-st2","2","speech","12424","0","0","3758"
"base-st2","2","speech","12660","0","0","3758"
"base-st2","2","speech","12897","0","0","3758"
"base-st2","2","speech","13117","0","0","3758"
"base-st2","2","speech","13338","0","0","3758"
"base-st2","2","speech","13573","0","0","3758"
"base-st2","2","speech","13798","0","0","3758"
"base-st2","2","speech","14051","0","0","3758"
"base-st2","2","speech","14326","0","0","3758"
"base-st2","2","speech","14594","0","0","4749"
"base-st2","2","speech","14827","0","0","4749"
"base-st2","2","speech","15041","0","0","4749"
"base-st2","2","speech","15262","0","0","4749"
"base-st2","2","speech","15498","0","0","4749"
"base-st2","2","speech","15747","0","0","4749"
"base-st2","2","speech","15991","0","0","4749"
"base-st2","2","speech","16232","0","0","4749"
"base-st2","2","speech","16549","0","0","4763"
"base-st2","2","speech","16786","0","0","4763"
"base-st2","2","speech","17041","0","0","4763"
"base-st2","2","speech","17268","0","0","4763"
"base-st2","2","speech","17495","0","0","4763"
"base-st2","2","speech","17708","0","0","4763"
"base-st2","2","speech","17939","0","0","4763"
"base-st2","2","speech","18166","0","0","4763"
"base-st2","2","speech","18421","0","0","4763"
"base-st2","2","speech","18709","0","0","3630"
"base-st2","2","speech","18932","0","0","3630"
"base-st2","2","speech","19170","0","0","3630"
"base-st2","2","speech","19390","0","0","3630"
"base-st2","2","speech","19613","0","0","3630"
"base-st2","2","speech","19858","0","0","3630"
"base-st2","2","speech","20081","0","0","3630"
"base-st2","2","speech","20332","0","0","3630"
"base-st2","2","speech","20639","0","0","3630"
"base-st2","2","speech","20862","0","0","3630"
"base-st2","2","speech","21100","0","0","3630"
"base-st2","2","speech","21323","0","0","3630"
"base-st2","2","speech","21577","0","0","3630"
"base-st2","2","speech","21783","0","0","3630"
"base-st2","2","speech","21997","0","0","3630"
"base-st2","2","speech","22227","0","0","3630"
"base-st2","2","speech","22507","0","0","3630"
"base-st2","2","speech","22793","0","0","3630"
"base-st2","2","speech","23016","0","0","3630"
"base-st2","2","speech","23232","0","0","3630"
"base-st2","2","speech","23456","0","0","3630"
"base-st2","2","speech","23686","0","0","3630"
"base-st2","2","speech","23921","0","0","3630"
"base-st2","2","speech","24157","0","0","3630"
"base-st2","2","speech","24403","0","0","3630"
"base-st2","2","speech","24674","0","0","3630"
"base-st2","2","speech","24986","0","0","4184"
"base-st2","2","speech","25215","0","0","4184"
"base-st2","2","speech","25428","0","0","4184"
"base-st2","2","speech","25646","0","0","4184"
"base-st2","2","speech","25868","0","0","4184"
"base-st2","2","speech","26111","0","0","4184"
"base-st2","2","speech","26355","0","0","4184"
"base-st2","2","settle","26603","0","0","4184"
"base-st2","2","settle","26856","0","0","4184"
"base-st2","2","settle","27117","0","0","4184"
"base-st2","2","settle","27323","0","0","4184"
"base-st2","2","settle","27535","0","0","4184"
"base-st2","2","settle","27749","0","0","4184"
"base-st2","2","settle","27958","0","0","4184"
"base-st2","2","settle","28186","0","0","4184"
"base-st2","2","settle","28413","0","0","4184"
"base-st2","2","settle","28642","0","0","4184"
"base-st2","2","settle","28903","0","0","4184"
"base-st2","2","settle","29194","0","0","4184"
"base-st2","2","settle","29513","0","0","4184"
"base-st2","2","settle","29832","0","0","4184"
"base-st2","2","settle","30191","0","0","4184"
"base-st2","2","settle","30510","0","0","4184"
"base-st2","2","settle","30814","0","0","4184"
"base-st2","2","settle","31158","0","27320","4184"
"base-st2","2","settle","31482","0","19600","4184"
"base-st2","2","settle","31782","0","16509","4184"
"base-st2","2","settle","32054","5083","10976","4184"
"base-st2","2","settle","32833","5083","10976","4184"
"base-st2","2","settle","33479","5083","10976","4184"
"base-st2","2","settle","33897","5083","10976","4184"
"base-st2","2","settle","34210","5083","10976","4184"
"base-st2","2","settle","34640","5083","10976","4184"
"base-st2","2","settle","35357","5083","10976","4184"
"base-st2","2","settle","36022","5083","10976","4184"
"base-st2","2","settle","36678","5083","10976","4184"
"base-st2","2","settle","37446","5083","10976","4184"
"base-st2","2","settle","38049","5083","10976","4184"
"base-st2","2","settle","38412","5083","10976","4184"
"base-st2","3","speech","1093","0","0","0"
"base-st2","3","speech","1652","0","0","0"
"base-st2","3","speech","2366","0","0","0"
"base-st2","3","speech","2609","0","0","0"
"base-st2","3","speech","2858","0","0","0"
"base-st2","3","speech","3087","0","0","0"
"base-st2","3","speech","3312","0","0","0"
"base-st2","3","speech","3551","0","0","0"
"base-st2","3","speech","3784","0","0","0"
"base-st2","3","speech","4053","0","0","0"
"base-st2","3","speech","4369","0","0","0"
"base-st2","3","speech","4603","0","0","0"
"base-st2","3","speech","4922","0","0","0"
"base-st2","3","speech","5228","0","0","0"
"base-st2","3","speech","5523","0","0","0"
"base-st2","3","speech","5806","0","0","0"
"base-st2","3","speech","6070","0","0","0"
"base-st2","3","speech","6336","0","0","0"
"base-st2","3","speech","6578","0","0","4125"
"base-st2","3","speech","6805","0","0","4125"
"base-st2","3","speech","7030","0","0","4125"
"base-st2","3","speech","7286","0","0","4125"
"base-st2","3","speech","7499","0","0","4125"
"base-st2","3","speech","8059","0","0","4125"
"base-st2","3","speech","8325","0","0","4125"
"base-st2","3","speech","8555","0","0","4763"
"base-st2","3","speech","8777","0","0","4763"
"base-st2","3","speech","9009","0","0","4763"
"base-st2","3","speech","9284","0","0","4763"
"base-st2","3","speech","9518","0","0","4763"
"base-st2","3","speech","9745","0","0","4763"
"base-st2","3","speech","9986","0","0","4763"
"base-st2","3","speech","10270","0","0","4763"
"base-st2","3","speech","10555","0","0","3974"
"base-st2","3","speech","10779","0","0","3974"
"base-st2","3","speech","11014","0","0","3974"
"base-st2","3","speech","11237","0","0","3974"
"base-st2","3","speech","11455","0","0","3974"
"base-st2","3","speech","11694","0","0","3974"
"base-st2","3","speech","11971","0","0","3974"
"base-st2","3","speech","12270","0","0","3974"
"base-st2","3","speech","12523","0","0","3974"
"base-st2","3","speech","12761","0","0","3974"
"base-st2","3","speech","12998","0","0","3974"
"base-st2","3","speech","13221","0","0","3974"
"base-st2","3","speech","13445","0","0","3974"
"base-st2","3","speech","13695","0","0","3974"
"base-st2","3","speech","13904","0","0","3974"
"base-st2","3","speech","14132","0","0","3974"
"base-st2","3","speech","14378","0","0","3974"
"base-st2","3","speech","14595","0","0","4053"
"base-st2","3","speech","14813","0","0","4053"
"base-st2","3","speech","15048","0","0","4053"
"base-st2","3","speech","15271","0","0","4053"
"base-st2","3","speech","15513","0","0","4053"
"base-st2","3","speech","15747","0","0","4053"
"base-st2","3","speech","15987","0","0","4053"
"base-st2","3","speech","16239","0","0","4053"
"base-st2","3","speech","16473","0","0","4053"
"base-st2","3","speech","16707","0","0","4053"
"base-st2","3","speech","16937","0","0","4053"
"base-st2","3","speech","17165","0","0","4053"
"base-st2","3","speech","17382","0","0","4053"
"base-st2","3","speech","17598","0","0","4053"
"base-st2","3","speech","17832","0","0","4053"
"base-st2","3","speech","18072","0","0","4053"
"base-st2","3","speech","18298","0","0","6379"
"base-st2","3","speech","18526","0","0","6379"
"base-st2","3","speech","18747","0","0","6379"
"base-st2","3","speech","18975","0","0","6379"
"base-st2","3","speech","19208","0","0","6379"
"base-st2","3","speech","19429","0","0","6379"
"base-st2","3","speech","19639","0","0","6379"
"base-st2","3","speech","19903","0","0","6379"
"base-st2","3","speech","20161","0","0","6379"
"base-st2","3","speech","20400","0","0","7232"
"base-st2","3","speech","20618","0","0","7232"
"base-st2","3","speech","20848","0","0","7232"
"base-st2","3","speech","21070","0","0","7232"
"base-st2","3","speech","21288","0","0","7232"
"base-st2","3","speech","21511","0","0","7232"
"base-st2","3","speech","21732","0","0","7232"
"base-st2","3","speech","21986","0","0","7232"
"base-st2","3","speech","22241","0","0","7232"
"base-st2","3","speech","22459","0","0","7232"
"base-st2","3","speech","22680","0","0","7232"
"base-st2","3","speech","22905","0","0","7232"
"base-st2","3","speech","23126","0","0","7232"
"base-st2","3","speech","23339","0","0","7232"
"base-st2","3","speech","23562","0","0","7232"
"base-st2","3","speech","23790","0","0","7232"
"base-st2","3","speech","24044","0","0","7232"
"base-st2","3","speech","24340","0","0","7232"
"base-st2","3","speech","24661","0","0","4190"
"base-st2","3","speech","24912","0","0","4190"
"base-st2","3","speech","25126","0","0","4190"
"base-st2","3","speech","25384","0","0","4190"
"base-st2","3","speech","25600","0","0","4190"
"base-st2","3","speech","25830","0","0","4190"
"base-st2","3","speech","26062","0","0","4190"
"base-st2","3","speech","26330","0","0","4190"
"base-st2","3","settle","26615","0","0","4190"
"base-st2","3","settle","26868","0","0","4190"
"base-st2","3","settle","27119","0","0","4190"
"base-st2","3","settle","27352","0","0","4190"
"base-st2","3","settle","27597","0","0","4190"
"base-st2","3","settle","27831","0","0","4190"
"base-st2","3","settle","28056","0","0","4190"
"base-st2","3","settle","28295","0","0","4190"
"base-st2","3","settle","28545","0","0","4190"
"base-st2","3","settle","28805","0","0","4190"
"base-st2","3","settle","29132","0","0","3712"
"base-st2","3","settle","29524","0","0","3712"
"base-st2","3","settle","29830","0","0","3712"
"base-st2","3","settle","30147","0","0","3712"
"base-st2","3","settle","30479","0","0","3712"
"base-st2","3","settle","30841","0","0","3712"
"base-st2","3","settle","31166","0","0","3712"
"base-st2","3","settle","31504","0","0","3712"
"base-st2","3","settle","31848","0","29377","3712"
"base-st2","3","settle","32172","0","28373","3712"
"base-st2","3","settle","32476","0","21926","3712"
"base-st2","3","settle","32804","0","7510","3712"
"base-st2","3","settle","33073","6003","7510","3712"
"base-st2","3","settle","33643","6003","7510","3712"
"base-st2","3","settle","34369","6003","7510","3712"
"base-st2","3","settle","35070","6003","7510","3712"
"base-st2","3","settle","35557","6003","7510","3712"
"base-st2","3","settle","36324","6003","7510","3712"
"base-st2","3","settle","37040","6003","7510","3712"
"base-st2","3","settle","37499","6003","7510","3712"
"base-st2","3","settle","38211","6003","7510","3712"
"base-st2","3","settle","38860","6003","7510","3712"
"tiny-st2","1","speech","236","0","0","0"
"tiny-st2","1","speech","643","0","0","0"
"tiny-st2","1","speech","993","0","0","0"
"tiny-st2","1","speech","1304","0","0","0"
"tiny-st2","1","speech","1646","0","0","0"
"tiny-st2","1","speech","2288","0","0","0"
"tiny-st2","1","speech","2505","0","0","0"
"tiny-st2","1","speech","2796","0","0","0"
"tiny-st2","1","speech","3027","0","0","0"
"tiny-st2","1","speech","3394","0","0","0"
"tiny-st2","1","speech","3667","0","0","0"
"tiny-st2","1","speech","3903","0","0","0"
"tiny-st2","1","speech","4180","0","0","0"
"tiny-st2","1","speech","4460","0","0","2057"
"tiny-st2","1","speech","4682","0","0","2057"
"tiny-st2","1","speech","4905","0","0","2057"
"tiny-st2","1","speech","5180","0","0","2057"
"tiny-st2","1","speech","5476","0","0","2228"
"tiny-st2","1","speech","5731","0","0","2228"
"tiny-st2","1","speech","6056","0","0","2228"
"tiny-st2","1","speech","6399","0","0","2228"
"tiny-st2","1","speech","6688","0","0","2521"
"tiny-st2","1","speech","6928","0","0","2521"
"tiny-st2","1","speech","7166","0","0","2521"
"tiny-st2","1","speech","7437","0","0","2521"
"tiny-st2","1","speech","7727","0","0","2556"
"tiny-st2","1","speech","7947","0","0","2556"
"tiny-st2","1","speech","8187","0","0","2556"
"tiny-st2","1","speech","8431","0","0","2556"
"tiny-st2","1","speech","8739","0","0","1397"
"tiny-st2","1","speech","8975","0","0","1397"
"tiny-st2","1","speech","9257","0","0","1397"
"tiny-st2","1","speech","9527","0","0","1397"
"tiny-st2","1","speech","9808","0","0","1397"
"tiny-st2","1","speech","10041","0","0","1735"
"tiny-st2","1","speech","10265","0","0","1735"
"tiny-st2","1","speech","10655","0","0","1735"
"tiny-st2","1","speech","10936","0","0","1735"
"tiny-st2","1","speech","11200","0","0","1735"
"tiny-st2","1","speech","11412","0","0","1735"
"tiny-st2","1","speech","11653","0","0","1735"
"tiny-st2","1","speech","11974","0","0","2651"
"tiny-st2","1","speech","12198","0","0","2651"
"tiny-st2","1","speech","12425","0","0","2651"
"tiny-st2","1","speech","12652","0","0","2651"
"tiny-st2","1","speech","12922","0","0","1735"
"tiny-st2","1","speech","13146","0","0","1735"
"tiny-st2","1","speech","13351","0","0","1735"
"tiny-st2","1","speech","13585","0","0","1735"
"tiny-st2","1","speech","13821","0","0","1735"
"tiny-st2","1","speech","14065","0","0","1735"
"tiny-st2","1","speech","14302","0","0","1735"
"tiny-st2","1","speech","14534","0","0","1735"
"tiny-st2","1","speech","14771","0","0","1735"
"tiny-st2","1","speech","14980","0","0","2652"
"tiny-st2","1","speech","15198","0","0","2652"
"tiny-st2","1","speech","15413","0","0","2652"
"tiny-st2","1","speech","15641","0","0","2652"
"tiny-st2","1","speech","15896","0","0","2652"
"tiny-st2","1","speech","16117","0","0","2877"
"tiny-st2","1","speech","16335","0","0","2877"
"tiny-st2","1","speech","16568","0","0","2877"
"tiny-st2","1","speech","16793","0","0","2877"
"tiny-st2","1","speech","17078","0","0","2336"
"tiny-st2","1","speech","17303","0","0","2336"
"tiny-st2","1","speech","17522","0","0","2336"
"tiny-st2","1","speech","17746","0","0","2336"
"tiny-st2","1","speech","17979","0","0","2336"
"tiny-st2","1","speech","18212","0","0","2336"
"tiny-st2","1","speech","18422","0","0","2336"
"tiny-st2","1","speech","18657","0","0","2336"
"tiny-st2","1","speech","18890","0","0","2336"
"tiny-st2","1","speech","19105","0","0","2336"
"tiny-st2","1","speech","19344","0","0","2336"
"tiny-st2","1","speech","19596","0","0","2336"
"tiny-st2","1","speech","19838","0","0","3279"
"tiny-st2","1","speech","20057","0","0","3279"
"tiny-st2","1","speech","20285","0","0","3279"
"tiny-st2","1","speech","20533","0","0","3279"
"tiny-st2","1","speech","20800","0","0","3279"
"tiny-st2","1","speech","21013","0","0","2563"
"tiny-st2","1","speech","21261","0","0","2563"
"tiny-st2","1","speech","21493","0","0","2563"
"tiny-st2","1","speech","21771","0","0","2563"
"tiny-st2","1","speech","22021","0","0","2563"
"tiny-st2","1","speech","22263","0","0","2563"
"tiny-st2","1","speech","22514","0","0","2563"
"tiny-st2","1","speech","22783","0","0","2559"
"tiny-st2","1","speech","22994","0","0","2559"
"tiny-st2","1","speech","23201","0","0","2559"
"tiny-st2","1","speech","23448","0","0","2559"
"tiny-st2","1","speech","23719","0","0","2559"
"tiny-st2","1","speech","23956","0","0","3658"
"tiny-st2","1","speech","24182","0","0","3658"
"tiny-st2","1","speech","24418","0","0","3658"
"tiny-st2","1","speech","24696","0","0","3658"
"tiny-st2","1","speech","24929","0","0","3658"
"tiny-st2","1","speech","25135","0","0","3658"
"tiny-st2","1","speech","25352","0","0","3658"
"tiny-st2","1","speech","25569","0","0","3658"
"tiny-st2","1","speech","25819","0","0","3658"
"tiny-st2","1","speech","26036","0","0","2014"
"tiny-st2","1","speech","26262","0","0","2014"
"tiny-st2","1","speech","26503","0","0","2014"
"tiny-st2","1","settle","26746","0","0","2014"
"tiny-st2","1","settle","27044","0","0","1763"
"tiny-st2","1","settle","27781","0","0","1763"
"tiny-st2","1","settle","28382","0","0","1763"
"tiny-st2","1","settle","28757","0","24564","1763"
"tiny-st2","1","settle","29118","0","20825","1763"
"tiny-st2","1","settle","29436","0","16249","1763"
"tiny-st2","1","settle","29768","0","13111","1763"
"tiny-st2","1","settle","30103","0","9797","1763"
"tiny-st2","1","settle","30408","0","5092","1763"
"tiny-st2","1","settle","30978","4407","5092","1763"
"tiny-st2","1","settle","31656","4407","5092","1763"
"tiny-st2","1","settle","32423","4407","5092","1763"
"tiny-st2","1","settle","33114","4407","5092","1763"
"tiny-st2","1","settle","33472","4407","5092","1763"
"tiny-st2","1","settle","34020","4407","5092","1763"
"tiny-st2","1","settle","34441","4407","5092","1763"
"tiny-st2","1","settle","35199","4407","5092","1763"
"tiny-st2","1","settle","35917","4407","5092","1763"
"tiny-st2","1","settle","36568","4407","5092","1763"
"tiny-st2","1","settle","37242","4407","5092","1763"
"tiny-st2","1","settle","37992","4407","5092","1763"
"tiny-st2","1","settle","38292","4407","5092","1763"
"tiny-st2","1","settle","38894","4407","5092","1763"
"tiny-st2","2","speech","220","0","0","0"
"tiny-st2","2","speech","947","0","0","0"
"tiny-st2","2","speech","1927","0","0","0"
"tiny-st2","2","speech","2444","0","0","0"
"tiny-st2","2","speech","2668","0","0","0"
"tiny-st2","2","speech","2906","0","0","0"
"tiny-st2","2","speech","3145","0","0","0"
"tiny-st2","2","speech","3455","0","0","0"
"tiny-st2","2","speech","3746","0","0","0"
"tiny-st2","2","speech","4007","0","0","0"
"tiny-st2","2","speech","4264","0","0","0"
"tiny-st2","2","speech","4585","0","0","2244"
"tiny-st2","2","speech","4827","0","0","2244"
"tiny-st2","2","speech","5053","0","0","2244"
"tiny-st2","2","speech","5298","0","0","2244"
"tiny-st2","2","speech","5604","0","0","2370"
"tiny-st2","2","speech","5891","0","0","2370"
"tiny-st2","2","speech","6172","0","0","2370"
"tiny-st2","2","speech","6405","0","0","2370"
"tiny-st2","2","speech","6686","0","0","2055"
"tiny-st2","2","speech","6922","0","0","2055"
"tiny-st2","2","speech","7161","0","0","2055"
"tiny-st2","2","speech","7396","0","0","2055"
"tiny-st2","2","speech","7708","0","0","2603"
"tiny-st2","2","speech","7982","0","0","2603"
"tiny-st2","2","speech","8201","0","0","2603"
"tiny-st2","2","speech","8470","0","0","2603"
"tiny-st2","2","speech","8745","0","0","2603"
"tiny-st2","2","speech","9007","0","0","1522"
"tiny-st2","2","speech","9232","0","0","1522"
"tiny-st2","2","speech","9464","0","0","1522"
"tiny-st2","2","speech","9697","0","0","1522"
"tiny-st2","2","speech","10051","0","0","1522"
"tiny-st2","2","speech","10253","0","0","1522"
"tiny-st2","2","speech","10470","0","0","1522"
"tiny-st2","2","speech","10713","0","0","1522"
"tiny-st2","2","speech","10965","0","0","2630"
"tiny-st2","2","speech","11206","0","0","2630"
"tiny-st2","2","speech","11434","0","0","2630"
"tiny-st2","2","speech","11672","0","0","2630"
"tiny-st2","2","speech","11949","0","0","2630"
"tiny-st2","2","speech","12181","0","0","2630"
"tiny-st2","2","speech","12405","0","0","2630"
"tiny-st2","2","speech","12625","0","0","2630"
"tiny-st2","2","speech","12911","0","0","2665"
"tiny-st2","2","speech","13135","0","0","2665"
"tiny-st2","2","speech","13365","0","0","2665"
"tiny-st2","2","speech","13595","0","0","2665"
"tiny-st2","2","speech","13834","0","0","2665"
"tiny-st2","2","speech","14070","0","0","2665"
"tiny-st2","2","speech","14321","0","0","2665"
"tiny-st2","2","speech","14542","0","0","2665"
"tiny-st2","2","speech","14800","0","0","2665"
"tiny-st2","2","speech","15034","0","0","2527"
"tiny-st2","2","speech","15248","0","0","2527"
"tiny-st2","2","speech","15474","0","0","2527"
"tiny-st2","2","speech","15703","0","0","2527"
"tiny-st2","2","speech","15992","0","0","3648"
"tiny-st2","2","speech","16239","0","0","3648"
"tiny-st2","2","speech","16446","0","0","3648"
"tiny-st2","2","speech","16676","0","0","3648"
"tiny-st2","2","speech","16946","0","0","3648"
"tiny-st2","2","speech","17180","0","0","2337"
"tiny-st2","2","speech","17389","0","0","2337"
"tiny-st2","2","speech","17620","0","0","2337"
"tiny-st2","2","speech","17875","0","0","2337"
"tiny-st2","2","speech","18130","0","0","2337"
"tiny-st2","2","speech","18364","0","0","2337"
"tiny-st2","2","speech","18584","0","0","2337"
"tiny-st2","2","speech","18812","0","0","2337"
"tiny-st2","2","speech","19023","0","0","2337"
"tiny-st2","2","speech","19245","0","0","2337"
"tiny-st2","2","speech","19466","0","0","2337"
"tiny-st2","2","speech","19703","0","0","2337"
"tiny-st2","2","speech","19944","0","0","3033"
"tiny-st2","2","speech","20157","0","0","3033"
"tiny-st2","2","speech","20389","0","0","3033"
"tiny-st2","2","speech","20607","0","0","3033"
"tiny-st2","2","speech","20876","0","0","2824"
"tiny-st2","2","speech","21103","0","0","2824"
"tiny-st2","2","speech","21341","0","0","2824"
"tiny-st2","2","speech","21552","0","0","2824"
"tiny-st2","2","speech","21810","0","0","2824"
"tiny-st2","2","speech","22049","0","0","2824"
"tiny-st2","2","speech","22252","0","0","2824"
"tiny-st2","2","speech","22457","0","0","2824"
"tiny-st2","2","speech","22733","0","0","2540"
"tiny-st2","2","speech","22956","0","0","2540"
"tiny-st2","2","speech","23184","0","0","2540"
"tiny-st2","2","speech","23396","0","0","2540"
"tiny-st2","2","speech","23646","0","0","2540"
"tiny-st2","2","speech","23858","0","0","3608"
"tiny-st2","2","speech","24068","0","0","3608"
"tiny-st2","2","speech","24296","0","0","3608"
"tiny-st2","2","speech","24536","0","0","3608"
"tiny-st2","2","speech","24784","0","0","3608"
"tiny-st2","2","speech","25000","0","0","3608"
"tiny-st2","2","speech","25208","0","0","3608"
"tiny-st2","2","speech","25480","0","0","3608"
"tiny-st2","2","speech","25752","0","0","3608"
"tiny-st2","2","speech","25966","0","0","3608"
"tiny-st2","2","speech","26177","0","0","3608"
"tiny-st2","2","speech","26403","0","0","3608"
"tiny-st2","2","settle","26641","0","0","3608"
"tiny-st2","2","settle","26863","0","0","3608"
"tiny-st2","2","settle","27083","0","0","3608"
"tiny-st2","2","settle","27299","0","0","3608"
"tiny-st2","2","settle","27531","0","0","3608"
"tiny-st2","2","settle","27823","0","0","3608"
"tiny-st2","2","settle","28446","0","0","3608"
"tiny-st2","2","settle","28753","0","0","3608"
"tiny-st2","2","settle","29159","0","24391","3608"
"tiny-st2","2","settle","29500","0","19080","3608"
"tiny-st2","2","settle","29818","0","17204","3608"
"tiny-st2","2","settle","30169","0","11963","3608"
"tiny-st2","2","settle","30511","0","11963","3608"
"tiny-st2","2","settle","30795","0","11963","3608"
"tiny-st2","2","settle","31576","0","11963","3608"
"tiny-st2","2","settle","32217","0","11963","3608"
"tiny-st2","2","settle","32927","0","11963","3608"
"tiny-st2","2","settle","33717","0","11963","3608"
"tiny-st2","2","settle","34203","0","11963","3608"
"tiny-st2","2","settle","35000","0","11963","3608"
"tiny-st2","2","settle","35808","0","11963","3608"
"tiny-st2","2","settle","36530","0","11963","3608"
"tiny-st2","2","settle","37249","0","11963","3608"
"tiny-st2","2","settle","37746","0","11963","3608"
"tiny-st2","2","settle","38551","0","11963","3608"
"tiny-st2","3","speech","278","0","0","0"
"tiny-st2","3","speech","922","0","0","0"
"tiny-st2","3","speech","1522","0","0","0"
"tiny-st2","3","speech","1946","0","0","0"
"tiny-st2","3","speech","2496","0","0","0"
"tiny-st2","3","speech","2738","0","0","0"
"tiny-st2","3","speech","2973","0","0","0"
"tiny-st2","3","speech","3238","0","0","0"
"tiny-st2","3","speech","3728","0","0","0"
"tiny-st2","3","speech","3995","0","0","0"
"tiny-st2","3","speech","4250","0","0","0"
"tiny-st2","3","speech","4551","0","0","2083"
"tiny-st2","3","speech","4825","0","0","2083"
"tiny-st2","3","speech","5057","0","0","2083"
"tiny-st2","3","speech","5311","0","0","2083"
"tiny-st2","3","speech","5615","0","0","2344"
"tiny-st2","3","speech","5943","0","0","2344"
"tiny-st2","3","speech","6217","0","0","2344"
"tiny-st2","3","speech","6481","0","0","2344"
"tiny-st2","3","speech","6801","0","0","2344"
"tiny-st2","3","speech","7029","0","0","2445"
"tiny-st2","3","speech","7277","0","0","2445"
"tiny-st2","3","speech","7512","0","0","2445"
"tiny-st2","3","speech","7791","0","0","2445"
"tiny-st2","3","speech","8034","0","0","2786"
"tiny-st2","3","speech","8250","0","0","2786"
"tiny-st2","3","speech","8475","0","0","2786"
"tiny-st2","3","speech","8727","0","0","2786"
"tiny-st2","3","speech","9011","0","0","1566"
"tiny-st2","3","speech","9350","0","0","1566"
"tiny-st2","3","speech","9590","0","0","1566"
"tiny-st2","3","speech","9832","0","0","1566"
"tiny-st2","3","speech","10087","0","0","1566"
"tiny-st2","3","speech","10447","0","0","1566"
"tiny-st2","3","speech","10693","0","0","1566"
"tiny-st2","3","speech","10929","0","0","1566"
"tiny-st2","3","speech","11185","0","0","1566"
"tiny-st2","3","speech","11458","0","0","2448"
"tiny-st2","3","speech","11679","0","0","2448"
"tiny-st2","3","speech","11904","0","0","2448"
"tiny-st2","3","speech","12133","0","0","2448"
"tiny-st2","3","speech","12450","0","0","2569"
"tiny-st2","3","speech","12675","0","0","2569"
"tiny-st2","3","speech","12895","0","0","2569"
"tiny-st2","3","speech","13136","0","0","2569"
"tiny-st2","3","speech","13468","0","0","959"
"tiny-st2","3","speech","13777","0","0","959"
"tiny-st2","3","speech","14064","0","0","959"
"tiny-st2","3","speech","14347","0","0","959"
"tiny-st2","3","speech","14560","0","0","959"
"tiny-st2","3","speech","14784","0","0","959"
"tiny-st2","3","speech","15007","0","0","959"
"tiny-st2","3","speech","15235","0","0","959"
"tiny-st2","3","speech","15444","0","0","2883"
"tiny-st2","3","speech","15661","0","0","2883"
"tiny-st2","3","speech","15911","0","0","2883"
"tiny-st2","3","speech","16148","0","0","2883"
"tiny-st2","3","speech","16415","0","0","2883"
"tiny-st2","3","speech","16638","0","0","3200"
"tiny-st2","3","speech","16858","0","0","3200"
"tiny-st2","3","speech","17083","0","0","3200"
"tiny-st2","3","speech","17323","0","0","3200"
"tiny-st2","3","speech","17595","0","0","1131"
"tiny-st2","3","speech","17810","0","0","1131"
"tiny-st2","3","speech","18050","0","0","1131"
"tiny-st2","3","speech","18284","0","0","1131"
"tiny-st2","3","speech","18573","0","0","1131"
"tiny-st2","3","speech","18807","0","0","1131"
"tiny-st2","3","speech","19029","0","0","1131"
"tiny-st2","3","speech","19266","0","0","1131"
"tiny-st2","3","speech","19552","0","0","2581"
"tiny-st2","3","speech","19770","0","0","2581"
"tiny-st2","3","speech","19992","0","0","2581"
"tiny-st2","3","speech","20215","0","0","2581"
"tiny-st2","3","speech","20521","0","0","2474"
"tiny-st2","3","speech","20735","0","0","2474"
"tiny-st2","3","speech","20955","0","0","2474"
"tiny-st2","3","speech","21169","0","0","2474"
"tiny-st2","3","speech","21428","0","0","2474"
"tiny-st2","3","speech","21675","0","0","1716"
"tiny-st2","3","speech","21886","0","0","1716"
"tiny-st2","3","speech","22109","0","0","1716"
"tiny-st2","3","speech","22331","0","0","1716"
"tiny-st2","3","speech","22622","0","0","2459"
"tiny-st2","3","speech","22848","0","0","2459"
"tiny-st2","3","speech","23096","0","0","2459"
"tiny-st2","3","speech","23314","0","0","2459"
"tiny-st2","3","speech","23576","0","0","2459"
"tiny-st2","3","speech","23818","0","0","2459"
"tiny-st2","3","speech","24036","0","0","2459"
"tiny-st2","3","speech","24259","0","0","2459"
"tiny-st2","3","speech","24545","0","0","2463"
"tiny-st2","3","speech","24760","0","0","2463"
"tiny-st2","3","speech","24986","0","0","2463"
"tiny-st2","3","speech","25215","0","0","2463"
"tiny-st2","3","speech","25526","0","0","2463"
"tiny-st2","3","speech","25761","0","0","2463"
"tiny-st2","3","speech","26009","0","0","2463"
"tiny-st2","3","speech","26231","0","0","2463"
"tiny-st2","3","speech","26545","0","0","2463"
"tiny-st2","3","settle","26898","0","0","4818"
"tiny-st2","3","settle","27129","0","0","4818"
"tiny-st2","3","settle","27366","0","0","4818"
"tiny-st2","3","settle","27596","0","0","4818"
"tiny-st2","3","settle","27951","0","0","4818"
"tiny-st2","3","settle","28334","0","0","4818"
"tiny-st2","3","settle","28758","0","19698","4818"
"tiny-st2","3","settle","29083","0","16460","4818"
"tiny-st2","3","settle","29450","0","12494","4818"
"tiny-st2","3","settle","29875","0","11499","4818"
"tiny-st2","3","settle","30254","0","9825","4818"
"tiny-st2","3","settle","30630","0","8489","4818"
"tiny-st2","3","settle","31031","3778","8489","4818"
"tiny-st2","3","settle","31320","3778","8489","4818"
"tiny-st2","3","settle","31609","3778","8489","4818"
"tiny-st2","3","settle","31816","3778","8489","4818"
"tiny-st2","3","settle","32050","3778","8489","4818"
"tiny-st2","3","settle","32285","3778","8489","4818"
"tiny-st2","3","settle","32560","952","6523","6522"
"tiny-st2","3","settle","32770","952","6523","6522"
"tiny-st2","3","settle","32975","952","6523","6522"
"tiny-st2","3","settle","33188","952","6523","6522"
"tiny-st2","3","settle","33475","952","6523","7453"
"tiny-st2","3","settle","34076","886","7453","7453"
"tiny-st2","3","settle","34957","886","7453","7453"
"tiny-st2","3","settle","35605","886","7453","7453"
"tiny-st2","3","settle","36431","886","7453","7453"
"tiny-st2","3","settle","37170","886","7453","7453"
"tiny-st2","3","settle","37609","886","7453","7453"
"tiny-st2","3","settle","38064","886","7453","7453"
"tiny-st2","3","settle","38966","886","7453","7453"
