leg,index,emit_s,source_start_s,translate_ms,kind,text
argos,1,13.530,0.150,314,caption,Hello at malugod na tanggapin sa unang pulong ng aming Conversional Tagalog Practice Group.
argos,2,18.791,6.400,93,caption,Ang pangalan ko ay Maria.
argos,3,21.463,8.750,77,caption,Ano ang pangalan mo?
argos,4,26.970,10.830,94,caption,Magandang umaga lahat.
argos,5,32.760,13.280,241,caption,Sa ngayon ay magsasanay tayo ng mga pagbati at pambungad.
argos,6,38.518,17.460,179,caption,Pakisuyong buksan ang inyong mga kuwaderno sa unang pahina.
argos,7,44.064,21.400,125,caption,Salamat sa inyong pakikinig.
argos,8,47.032,23.860,181,caption,Makikita ka namin sa susunod na linggo.
argos,9,53.572,26.540,233,caption,"Tandaan na magsalita nang mabagal at malinaw, at makinig na mabuti sa isa't isa."
argos,10,63.369,32.610,240,caption,"Magsisimula tayo sa numerong 1 hanggang 10, pagkatapos ay lilipat tayo sa mga araw ng sanlinggo."
argos,11,72.537,38.790,196,caption,"Dakilang gawa ang lahat, iyan ang wakas ng kasalukuyang sesyon ng pagsasanay."
argos,12,81.735,44.230,390,caption,Hello at malugod na tanggapin sa unang pulong ng aming grupong nag - uusap - usap na tangalog.
argos,13,87.288,50.470,77,caption,Ang pangalan ko ay Maria.
argos,14,90.084,52.820,71,caption,Ano ang pangalan mo?
argos,15,95.692,54.900,82,caption,Magandang umaga lahat.
argos,16,102.032,57.350,176,caption,Sa ngayon ay magsasanay tayo ng mga pagbati at pambungad.
argos,17,107.826,61.530,225,caption,Pakisuyong buksan ang inyong mga kuwaderno sa unang pahina.
argos,18,110.709,65.480,94,caption,Salamat sa inyong pakikinig.
argos,19,116.677,67.940,154,caption,Makikita ka namin sa susunod na linggo.
argos,20,122.679,70.620,242,caption,"Tandaan na magsalita nang mabagal at malinaw, at makinig na mabuti sa isa't isa."
argos,21,132.171,76.690,192,caption,"Magsisimula tayo sa numerong 1 hanggang 10, pagkatapos ay lilipat tayo sa mga araw ng sanlinggo."
argos,22,142.079,82.860,162,caption,"Dakilang gawa ang lahat, iyan ang wakas ng kasalukuyang sesyon ng pagsasanay."
gemini,1,3.630,,,caption,Kamusta at maligayang
gemini,2,4.312,,,caption, pagdating sa unang
gemini,3,5.316,,,caption, pulong ng ating
gemini,4,6.402,,,caption, conversational Tagalog
gemini,5,7.402,,,caption, practice group.
gemini,6,8.399,,,caption, Ang pangalan
gemini,7,9.438,,,caption, ko ay Maria.
gemini,8,10.399,,,caption, Ano
gemini,9,11.400,,,caption, ang pangalan mo?
gemini,10,12.313,,,caption, Magandang
gemini,11,13.304,,,caption, umaga sa inyong
gemini,12,14.411,,,caption, lahat.
gemini,13,15.305,,,caption, Ngayon ay
gemini,14,16.339,,,caption, mag-eensayo tayo
gemini,15,17.304,,,caption, ng pagbati
gemini,16,18.398,,,caption, at pagpapakilala.
gemini,17,19.315,,,caption, Pakibuksan
gemini,18,20.424,,,caption, ang inyong mga notebook
gemini,19,21.103,,,caption, sa unang
gemini,20,22.414,,,caption, pahina.
gemini,21,23.061,,,caption, Salamat
gemini,22,24.385,,,caption, sa pakikinig.
gemini,23,25.311,,,caption, Magpapatuloy
gemini,24,26.399,,,caption, tayo sa susunod
gemini,25,27.329,,,caption, na linggo.
gemini,26,28.149,,,caption, Tandaan
gemini,27,29.323,,,caption, na magsalita
gemini,28,30.339,,,caption, nang dahan-dahan at
gemini,29,31.405,,,caption, malinaw. At
gemini,30,32.317,,,caption, makinig nang mabuti
gemini,31,33.318,,,caption, sa isa't isa.
gemini,32,34.419,,,caption, Magsisimula
gemini,33,35.421,,,caption, tayo sa mga
gemini,34,36.328,,,caption, numero 1 hanggang
gemini,35,37.308,,,caption," 10, pagkatapos"
gemini,36,38.385,,,caption, ay lilipat sa mga
gemini,37,39.305,,,caption, araw ng linggo.
gemini,38,40.400,,,caption, Magaling.
gemini,39,41.106,,,caption, Magandang trabaho
gemini,40,42.414,,,caption, sa inyong lahat.
gemini,41,43.416,,,caption, Iyan ang katapusan
gemini,42,44.342,,,caption, ng ating sesyon
gemini,43,45.339,,,caption, sa pagsasanay.
gemini,44,46.433,,,caption, Kamusta
gemini,45,47.325,,,caption, at maligayang pagdating
gemini,46,48.318,,,caption, sa unang pulong
gemini,47,49.336,,,caption, ng ating conversational
gemini,48,50.418,,,caption, Tagalog practice
gemini,49,51.151,,,caption, group.
gemini,50,52.316,,,caption, Ang pangalan
gemini,51,53.403,,,caption, ko ay Maria.
gemini,52,54.363,,,caption, Ano
gemini,53,55.435,,,caption, ang pangalan mo?
gemini,54,56.403,,,caption, Magandang
gemini,55,57.320,,,caption, umaga sa inyong
gemini,56,58.401,,,caption, lahat.
gemini,57,59.085,,,caption, Ngayon ay
gemini,58,60.397,,,caption, mag-eensayo tayo
gemini,59,61.331,,,caption, ng pagbati
gemini,60,62.402,,,caption, at pagpapakilala.
gemini,61,63.386,,,caption, Pakibuksan
gemini,62,64.399,,,caption, ang inyong mga notebook
gemini,63,65.325,,,caption, sa unang
gemini,64,66.316,,,caption, pahina.
gemini,65,67.410,,,caption, Salamat
gemini,66,68.320,,,caption, sa pakikinig.
gemini,67,69.558,,,caption, Magpapatuloy
gemini,68,70.660,,,caption, tayo sa susunod
gemini,69,71.565,,,caption, na linggo.
gemini,70,72.572,,,caption, Tandaan
gemini,71,73.637,,,caption, na magsalita
gemini,72,74.653,,,caption, nang dahan-dahan
gemini,73,75.602,,,caption, at malinaw at
gemini,74,76.614,,,caption, makinig nang mabuti
gemini,75,77.664,,,caption, sa isa't isa.
gemini,76,78.900,,,caption, Magsisimula
gemini,77,79.916,,,caption, tayo sa mga
gemini,78,80.914,,,caption, numero 1 hanggang
gemini,79,81.916,,,caption," 10, pagkatapos"
gemini,80,82.623,,,caption, ay lilipat sa
gemini,81,83.888,,,caption, mga araw ng linggo.
gemini,82,84.558,,,caption, Magaling.
gemini,83,85.685,,,caption, Magandang trabaho
gemini,84,86.803,,,caption, sa inyong lahat.
gemini,85,87.919,,,caption, Iyan ang katapusan
gemini,86,88.824,,,caption, ng ating sesyon

summary,leg,audio_s,first_caption_s,committed,updates,cadence_per120s,median_translate_ms,tail_after_feed_s,repeated_bigrams,duplicates,unterminated,proc_cpu_pct,worker_cpu_pct,peak_ram_mb,up_mb,down_mb,cost_usd,cost_usd_per_hour,connect_s,setup_s,error
,argos,88.15,13.530,22,25,29.9,177,,95,0,0,0.5,31.5,1082.8,,,,,,,
,gemini,88.15,3.630,86,0,117.1,,0.677,102,0,61,0.1,,78.4,4.00,5.67,0.0076,0.31,0.354,0.489,
